{
    "EmitterParam1": {
        "color": [
            1.0,
            1.0,
            1.0,
            1.0
        ],
        "count": 131,
        "frequency": 0.0,
        "isRandomColor": false,
        "isVisualize": true,
        "lifeTime": 0.30000001192092896,
        "range max": [
            0.5,
            0.5,
            0.5
        ],
        "range min": [
            -0.5,
            -0.5,
            -0.5
        ],
        "scale": [
            0.20000000298023224,
            0.20000000298023224,
            0.20000000298023224
        ],
        "translate": [
            -1.0,
            0.0,
            0.0
        ],
        "velocity": [
            1.2999999523162842,
            2.200000047683716,
            1.0
        ]
    }
}
